Age;Systolic BP;Diastolic;BS;Body Temp;BMI;Previous Complications;Preexisting Diabetes;Gestational Diabetes;Mental Health;Heart Rate;Risk Level
22;90.0;60.0;9.0;100;18.0;1;1;0;1;80.0;High
22;110.0;70.0;7.1;98;20.4;0;0;0;0;74.0;Low
27;110.0;70.0;7.5;98;23.0;1;0;0;0;72.0;Low
20;100.0;70.0;7.2;98;21.2;0;0;0;0;74.0;Low
20;90.0;60.0;7.5;98;19.7;0;0;0;0;74.0;Low
22;120.0;70.0;7.01;98;24.0;0;0;0;0;76.0;Low
20;110.0;70.0;9.0;102;17.6;0;1;0;0;78.0;High
23;110.0;80.0;7.0;98;21.3;0;0;0;0;74.0;Low
22;90.0;60.0;6.4;98;22.0;0;0;0;0;72.0;Low
26;110.0;70.0;12.0;100;30.2;1;1;1;1;80.0;High
25;100.0;60.0;7.0;98;24.5;0;1;0;0;74.0;Low
22;120.0;70.0;9.9;101;30.0;1;0;1;0;84.0;High
23;100.0;60.0;6.4;98;21.0;0;0;0;0;66.0;Low
19;90.0;60.0;6.0;98;21.5;0;0;0;0;70.0;Low
22;100.0;60.0;7.1;98;23.0;0;0;0;0;74.0;Low
23;90.0;60.0;7.0;98;21.0;1;0;0;0;72.0;Low
18;100.0;70.0;7.5;98;18.6;0;1;0;0;74.0;Low
20;110.0;80.0;7.1;98;19.0;0;0;0;0;74.0;Low
24;110.0;60.0;6.5;98;21.2;0;0;0;0;70.0;Low
21;110.0;70.0;6.6;98;20.0;0;1;0;1;74.0;Low
44;140.0;100.0;14.0;98;25.3;0;1;0;1;88.0;High
18;110.0;70.0;7.0;98;19.0;0;1;0;1;76.0;Low
23;100.0;70.0;7.5;100;21.0;0;0;0;1;74.0;Low
17;120.0;80.0;8.0;98;19.0;0;0;0;0;70.0;Low
21;100.0;60.0;6.2;98;20.4;0;0;0;0;66.0;Low
23;120.0;80.0;7.1;98;23.8;0;0;0;0;74.0;Low
18;90.0;60.0;7.3;98;20.2;0;0;0;0;72.0;Low
25;120.0;70.0;7.0;98;23.7;0;0;0;0;70.0;Low
21;100.0;60.0;6.5;98;24.2;0;0;0;0;76.0;Low
19;110.0;70.0;7.0;100;21.0;0;1;0;0;70.0;Low
26;140.0;90.0;12.0;101;25.0;0;1;0;1;80.0;High
18;100.0;70.0;7.0;100;18.6;0;0;0;0;76.0;Low
28;90.0;60.0;6.9;98;24.0;0;0;0;0;68.0;Low
20;110.0;70.0;7.0;98;19.3;0;0;0;0;76.0;Low
25;90.0;60.0;7.9;98;21.2;0;0;0;0;72.0;Low
17;110.0;80.0;6.7;98;18.8;0;0;0;0;78.0;Low
26;90.0;60.0;7.0;98;23.4;0;1;0;0;74.0;Low
24;110.0;70.0;7.1;100;22.8;1;0;0;0;78.0;Low
19;130.0;80.0;8.0;98;18.5;0;0;0;0;70.0;Low
28;150.0;100.0;9.0;98;30.1;0;0;1;0;88.0;High
40;150.0;90.0;11.0;100;26.6;1;1;0;1;80.0;High
23;90.0;60.0;7.0;98;23.0;0;0;0;0;70.0;Low
18;130.0;80.0;6.6;98;18.5;0;0;0;0;74.0;Low
17;100.0;70.0;6.1;98;18.5;0;0;0;0;78.0;Low
37;110.0;70.0;7.5;98;23.0;0;0;0;0;68.0;Low
29;120.0;80.0;7.0;98;23.2;0;0;0;0;76.0;Low
26;160.0;100.0;6.9;98;22.9;0;0;0;1;72.0;Low
19;150.0;100.0;7.2;98;22.5;0;0;0;1;77.0;Low
22;140.0;90.0;7.0;98;21.0;0;1;0;1;70.0;Low
18;120.0;80.0;6.0;98;19.4;0;0;0;1;76.0;Low
21;110.0;70.0;7.9;98;21.0;0;0;0;1;72.0;Low
34;100.0;60.0;14.0;98;30.0;1;0;1;1;74.0;High
19;110.0;70.0;6.7;98;18.6;0;0;0;0;68.0;Low
35;160.0;100.0;18.0;98;33.0;1;1;1;0;60.0;High
36;130.0;90.0;13.0;98;26.0;1;1;0;1;90.0;High
32;130.0;110.0;15.0;100;26.6;1;1;0;1;88.0;High
25;140.0;90.0;11.0;98;25.2;1;1;0;1;78.0;High
38;140.0;100.0;17.0;98;25.7;1;1;0;0;80.0;High
48;140.0;96.0;19.0;98;27.0;0;1;0;0;86.0;High
27;120.0;70.0;9.0;101;25.5;0;1;0;0;80.0;High
25;90.0;60.0;6.9;98;23.0;0;0;0;0;70.0;Low
21;90.0;60.0;6.1;98;20.0;0;0;0;1;72.0;Low
19;100.0;70.0;6.0;98;18.9;0;0;0;0;76.0;Low
20;100.0;60.0;6.6;98;19.0;0;0;0;0;74.0;Low
28;100.0;70.0;7.0;98;23.1;0;0;0;0;70.0;Low
29;120.0;80.0;7.7;98;24.4;0;0;0;0;76.0;Low
19;130.0;90.0;9.0;100;17.0;0;0;1;0;88.0;High
24;180.0;90.0;7.6;98;30.0;0;0;1;0;80.0;High
30;140.0;100.0;9.0;98;30.3;1;0;1;1;84.0;High
28;160.0;90.0;7.9;98;31.0;0;0;1;1;66.0;High
39;140.0;100.0;14.0;98;25.0;1;1;0;1;78.0;High
28;110.0;70.0;7.0;98;24.0;0;0;0;1;72.0;Low
35;90.0;60.0;7.8;98;24.7;0;0;0;1;76.0;Low
29;120.0;80.0;7.1;98;23.0;0;0;0;1;72.0;Low
32;110.0;70.0;6.9;98;24.8;0;0;0;0;76.0;Low
29;120.0;80.0;7.7;98;22.0;0;0;0;0;70.0;Low
18;100.0;70.0;5.3;98;18.6;0;0;0;0;72.0;Low
24;100.0;60.0;6.6;98;20.5;0;0;0;0;78.0;Low
30;100.0;60.0;7.8;98;24.0;0;0;0;0;77.0;Low
25;90.0;65.0;8.0;100;32.0;1;0;1;0;62.0;High
30;130.0;90.0;11.0;98;25.0;1;1;0;1;82.0;High
36;130.0;100.0;14.0;98;26.7;1;1;0;1;90.0;High
18;100.0;70.0;5.7;101;17.6;0;0;1;1;88.0;High
25;120.0;80.0;6.6;98;23.0;0;0;0;1;74.0;Low
20;110.0;70.0;6.1;98;21.0;0;0;0;0;70.0;Low
35;100.0;60.0;7.9;98;24.0;0;0;0;0;77.0;Low
30;110.0;70.0;7.4;98;28.0;0;0;0;0;70.0;Low
24;120.0;85.0;6.1;98;23.2;0;0;0;0;76.0;Low
31;140.0;90.0;17.0;98;26.6;0;1;0;1;88.0;High
18;120.0;80.0;5.2;98;18.5;0;0;0;0;74.0;Low
20;110.0;70.0;5.5;98;19.0;0;0;0;0;72.0;Low
18;110.0;65.0;5.3;98;24.0;0;0;0;0;70.0;Low
28;120.0;80.0;6.3;98;24.9;0;0;0;0;76.0;Low
25;110.0;70.0;6.0;98;24.2;0;0;0;0;70.0;Low
39;140.0;90.0;18.0;98;27.0;1;1;0;0;86.0;High
28;180.0;120.0;9.0;98;33.0;1;0;1;0;88.0;High
20;160.0;90.0;7.8;100;30.0;0;1;1;1;90.0;High
33;140.0;90.0;7.7;98;24.0;0;0;0;0;74.0;Low
41;120.0;85.0;18.0;98;27.0;1;1;0;1;78.0;High
25;140.0;100.0;11.0;98;30.1;0;0;1;1;90.0;High
35;140.0;100.0;14.0;98;25.9;1;1;0;1;86.0;High
33;150.0;100.0;12.0;98;27.2;0;1;0;1;80.0;High
27;150.0;110.0;11.0;98;25.0;0;1;0;1;85.0;High
22;130.0;90.0;7.7;97;30.3;0;1;1;1;82.0;High
25;140.0;100.0;9.0;98;32.2;0;1;1;1;78.0;High
23;140.0;90.0;8.0;98;17.0;0;1;1;1;76.0;High
24;150.0;100.0;7.9;98;29.9;1;0;1;1;77.0;High
29;150.0;100.0;13.0;98;25.0;1;1;0;0;82.0;High
26;160.0;100.0;11.0;100;26.2;0;1;0;0;90.0;High
19;150.0;100.0;7.0;98;18.0;0;0;1;0;62.0;High
22;140.0;90.0;7.6;98;31.4;0;0;1;0;86.0;High
25;160.0;100.0;11.0;98;25.8;1;1;0;0;88.0;High
36;130.0;90.0;17.0;98;25.3;1;1;0;0;66.0;High
24;130.0;110.0;10.0;101;32.4;0;0;1;0;78.0;High
25;140.0;90.0;12.0;98;31.3;0;0;1;0;82.0;High
20;140.0;100.0;7.9;98;29.9;0;0;1;0;88.0;High
30;140.0;100.0;14.0;98;27.5;1;1;0;1;90.0;High
30;140.0;100.0;11.0;98;26.7;1;1;0;1;92.0;High
19;130.0;90.0;7.5;97;18.4;0;0;1;1;78.0;High
24;180.0;90.0;9.0;98;18.2;0;1;0;1;77.0;High
28;160.0;90.0;9.0;98;25.4;0;1;0;1;84.0;High
39;140.0;100.0;18.0;98;28.0;1;1;0;1;74.0;High
18;140.0;100.0;8.0;98;18.3;0;0;1;1;76.0;High
30;140.0;100.0;11.0;97;25.9;0;1;0;1;77.0;High
30;130.0;90.0;9.0;98;31.6;0;1;1;0;78.0;High
39;130.0;100.0;19.0;98;27.0;1;1;0;0;80.0;High
18;100.0;70.0;7.0;98;17.8;0;0;1;0;86.0;High
25;140.0;90.0;9.0;98;30.0;0;0;1;0;79.0;High
38;140.0;90.0;16.0;101;28.0;0;1;0;0;78.0;High
24;180.0;120.0;9.0;100;29.0;0;1;0;0;76.0;High
35;150.0;90.0;15.0;98;26.5;1;1;0;0;60.0;High
33;160.0;100.0;13.0;98;25.7;1;1;0;0;70.0;High
29;130.0;90.0;11.0;97;26.4;1;1;0;1;74.0;High
35;140.0;100.0;15.0;98;25.0;1;1;0;0;79.0;High
35;140.0;90.0;16.0;98;27.0;0;1;0;1;88.0;High
30;150.0;90.0;12.0;98;26.0;0;1;0;0;79.0;High
36;170.0;120.0;14.0;98;29.0;1;1;0;1;90.0;High
29;110.0;70.0;10.0;98;33.0;1;0;1;1;80.0;High
28;160.0;90.0;9.0;98;32.9;0;0;1;0;78.0;High
22;180.0;140.0;7.7;98;17.8;1;0;1;1;87.0;High
18;140.0;100.0;7.0;98;17.0;0;0;1;0;88.0;High
33;150.0;100.0;11.0;100;23.0;0;0;0;1;84.0;High
20;140.0;90.0;7.5;98;29.0;0;0;0;0;80.0;High
23;150.0;90.0;8.0;98;26.0;0;0;0;1;90.0;High
22;160.0;120.0;7.9;98;28.0;0;0;0;0;79.0;High
25;150.0;90.0;8.0;98;27.0;1;0;0;1;77.0;High
30;150.0;100.0;11.0;101;25.7;1;1;0;0;64.0;High
32;150.0;110.0;11.0;98;29.6;1;1;0;1;78.0;High
22;130.0;90.0;8.0;98;30.5;0;0;1;1;82.0;High
27;140.0;90.0;8.6;98;31.0;0;0;1;1;84.0;High
25;140.0;100.0;8.4;98;30.3;0;0;1;1;86.0;High
35;130.0;90.0;16.0;102;25.0;1;1;0;1;86.0;High
23;180.0;130.0;7.8;98;29.0;1;0;1;1;88.0;High
26;140.0;90.0;8.3;98;30.0;1;0;1;1;89.0;High
24;120.0;90.0;8.1;98;32.9;0;0;1;1;77.0;High
25;130.0;100.0;8.2;98;33.0;0;0;1;1;78.0;High
25;130.0;80.0;8.7;100;25.0;1;0;0;1;80.0;High
28;120.0;80.0;9.0;98;27.0;1;1;0;1;83.0;High
25;130.0;90.0;8.0;98;30.0;1;0;1;1;84.0;High
18;140.0;100.0;7.0;98;33.0;0;0;1;1;86.0;High
23;140.0;95.0;7.7;98;31.4;0;0;1;1;88.0;High
30;140.0;90.0;11.0;97;25.0;1;1;0;1;86.0;High
36;140.0;90.0;17.0;98;25.2;1;1;0;1;88.0;High
18;120.0;90.0;7.2;98;27.0;0;0;0;1;90.0;High
21;140.0;90.0;7.4;98;28.4;0;0;0;1;78.0;High
22;130.0;90.0;7.7;98;27.0;0;0;0;1;80.0;High
28;140.0;80.0;8.9;99;35.0;1;0;1;1;86.0;High
31;130.0;80.0;9.0;98;29.7;1;1;0;1;88.0;High
20;130.0;80.0;7.0;98;27.5;0;0;0;1;82.0;High
20;140.0;80.0;6.9;98;25.0;0;0;0;1;78.0;High
30;130.0;90.0;11.0;98;28.0;1;1;0;1;77.0;High
28;140.0;80.0;9.0;98;26.0;1;1;0;1;76.0;High
27;130.0;100.0;8.8;98;30.0;1;0;1;1;60.0;High
22;140.0;90.0;7.0;98;25.0;0;0;0;1;62.0;High
33;140.0;80.0;13.0;98;26.0;1;1;0;1;90.0;High
22;140.0;70.0;7.0;98;27.0;0;0;0;1;88.0;High
27;130.0;90.0;10.0;101;28.0;0;1;0;1;87.0;High
25;130.0;90.0;9.8;98;30.2;0;0;1;1;88.0;High
25;130.0;100.0;7.8;98;30.6;0;0;1;1;86.0;High
33;160.0;100.0;12.0;98;29.3;0;1;0;1;84.0;High
32;200.0;100.0;11.0;98;28.5;0;1;0;1;80.0;High
35;160.0;100.0;14.0;101;27.4;0;1;0;1;78.0;High
25;130.0;90.0;7.7;98;30.3;1;0;1;1;79.0;High
30;130.0;90.0;9.9;98;29.9;1;1;0;1;76.0;High
28;140.0;90.0;8.0;98;25.7;0;1;0;1;80.0;High
19;140.0;90.0;6.9;98;26.5;0;0;0;1;88.0;High
25;140.0;100.0;7.9;97;25.6;0;0;0;1;88.0;High
26;140.0;80.0;8.0;98;33.3;1;0;1;1;79.0;High
22;140.0;90.0;7.1;98;25.0;0;0;0;1;80.0;High
30;150.0;100.0;10.0;98;26.0;1;1;0;1;78.0;High
33;130.0;80.0;12.0;98;27.0;0;1;0;1;77.0;High
29;180.0;100.0;9.7;97;28.0;0;1;0;1;88.0;High
24;160.0;100.0;7.8;98;29.0;0;1;0;1;90.0;High
23;100.0;70.0;7.1;98;29.8;1;1;0;1;84.0;High
34;110.0;80.0;14.0;98;28.4;0;1;0;1;88.0;High
23;130.0;90.0;8.0;98;30.5;1;0;1;1;84.0;High
38;120.0;100.0;17.0;101;26.9;0;1;0;1;62.0;High
28;110.0;70.0;5.6;98;23.2;0;0;0;0;72.0;Low
22;120.0;80.0;4.5;98;19.0;0;0;0;0;72.0;Low
29;110.0;70.0;5.8;98;20.0;0;0;0;0;72.0;Low
24;110.0;80.0;4.9;98;21.0;0;0;0;0;72.0;Low
28;140.0;80.0;6.6;98;22.0;0;0;0;0;72.0;Low
35;110.0;70.0;6.9;98;23.0;0;0;0;0;72.0;Low
27;120.0;80.0;6.0;98;24.0;0;0;0;0;72.0;Low
21;130.0;80.0;5.6;98;23.0;0;0;0;0;72.0;Low
30;140.0;90.0;6.8;98;23.0;0;0;0;0;72.0;Low
26;100.0;70.0;4.7;98;21.0;0;0;0;0;72.0;Low
32;110.0;70.0;6.6;98;20.0;0;0;0;0;72.0;Low
29;100.0;60.0;6.9;98;21.0;0;0;0;0;72.0;Low
21;100.0;70.0;3.6;98;22.0;0;0;0;0;72.0;Low
23;110.0;70.0;4.1;98;23.0;0;0;0;0;72.0;Low
28;100.0;70.0;5.3;98;22.0;0;0;0;0;72.0;Low
30;110.0;60.0;6.9;98;21.0;0;0;0;0;72.0;Low
33;100.0;60.0;7.0;98;20.0;0;0;0;0;72.0;Low
34;100.0;70.0;7.01;98;20.4;0;0;0;0;72.0;Low
31;110.0;70.0;7.0;98;23.0;0;0;0;0;72.0;Low
37;110.0;60.0;7.2;98;19.0;0;0;0;0;72.0;Low
35;140.0;80.0;7.0;98;20.0;0;0;0;1;72.0;Low
34;120.0;80.0;6.9;98;21.0;0;0;0;1;72.0;Low
32;120.0;70.0;6.7;98;22.0;0;0;0;1;72.0;Low
38;110.0;80.0;7.0;98;23.0;0;0;0;1;72.0;Low
22;110.0;80.0;4.4;98;20.0;0;0;0;0;76.0;Low
24;120.0;70.0;4.6;98;19.0;0;0;0;0;76.0;Low
25;120.0;80.0;4.7;98;18.5;0;0;0;0;76.0;Low
22;110.0;70.0;4.4;98;20.0;0;0;0;0;76.0;Low
27;110.0;80.0;4.9;98;21.0;0;0;0;0;76.0;Low
28;100.0;60.0;5.01;98;22.0;0;0;0;0;76.0;Low
21;120.0;70.0;4.1;98;23.0;0;0;0;0;76.0;Low
28;110.0;70.0;5.7;98;23.0;0;0;0;0;76.0;Low
26;100.0;60.0;6.02;98;24.1;0;0;0;0;76.0;Low
25;120.0;60.0;5.9;98;24.0;0;0;0;0;76.0;Low
24;100.0;70.0;6.4;98;22.4;0;0;0;0;76.0;Low
21;110.0;70.0;5.3;98;23.0;0;0;0;0;76.0;Low
27;100.0;70.0;6.7;98;20.0;0;0;0;0;76.0;Low
33;100.0;60.0;6.9;98;22.8;0;0;0;0;76.0;Low
31;100.0;60.0;6.6;99;19.0;0;0;0;0;76.0;Low
35;100.0;70.0;7.0;98;20.0;0;0;0;0;76.0;Low
36;100.0;65.0;7.0;98;21.0;0;0;0;0;76.0;Low
32;120.0;70.0;6.8;98;23.0;0;0;0;0;76.0;Low
33;110.0;80.0;6.7;98;21.0;0;0;0;0;76.0;Low
34;120.0;80.0;6.0;98;24.0;0;0;0;0;76.0;Low
30;130.0;70.0;6.0;98;19.0;0;0;0;0;76.0;Low
32;120.0;90.0;6.3;98;19.0;0;0;0;0;76.0;Low
31;115.0;80.0;6.5;98;19.0;0;0;0;0;76.0;Low
20;120.0;80.0;4.0;98;20.0;0;0;0;0;76.0;Low
22;110.0;70.0;4.3;98;20.0;0;0;0;0;76.0;Low
25;130.0;100.0;4.8;98;20.0;0;0;0;0;76.0;Low
29;90.0;60.0;5.5;98;20.0;0;0;0;0;76.0;Low
27;100.0;70.0;6.0;98;20.0;0;0;0;0;76.0;Low
21;100.0;60.0;4.2;98;21.0;0;0;0;0;76.0;Low
18;110.0;60.0;3.9;98;21.0;0;0;0;0;76.0;Low
17;140.0;80.0;3.6;98;21.0;0;0;0;0;76.0;Low
33;120.0;60.0;6.0;98;21.0;0;0;0;1;76.0;Low
36;110.0;60.0;6.8;98;21.0;0;0;0;1;76.0;Low
35;140.0;70.0;6.7;98;22.0;0;0;0;1;74.0;Low
34;130.0;100.0;6.6;98;22.0;0;0;0;1;74.0;Low
30;110.0;70.0;6.3;98;22.0;0;0;0;1;74.0;Low
41;120.0;90.0;7.0;98;22.0;0;0;0;0;74.0;Low
23;110.0;80.0;4.4;98;22.0;0;0;0;0;74.0;Low
23;110.0;60.0;4.0;98;23.0;0;0;0;0;74.0;Low
24;110.0;70.0;5.0;98;23.0;0;0;0;0;74.0;Low
23;130.0;80.0;5.0;98;23.0;0;0;0;0;74.0;Low
26;110.0;60.0;5.01;98;23.0;0;0;0;0;74.0;Low
22;120.0;70.0;4.8;98;23.0;0;0;0;0;74.0;Low
23;120.0;80.0;4.3;98;24.0;0;0;0;0;74.0;Low
21;100.0;60.0;3.6;98;24.0;0;0;0;0;74.0;Low
21;120.0;70.0;3.4;98;24.0;0;0;0;0;74.0;Low
24;120.0;80.0;4.03;98;24.0;0;0;0;0;74.0;Low
29;100.0;60.0;5.9;98;24.0;0;0;0;0;74.0;Low
26;120.0;70.0;6.0;98;23.1;0;0;0;0;74.0;Low
25;120.0;80.0;5.6;98;23.5;0;0;0;0;74.0;Low
28;110.0;70.0;6.04;98;22.1;0;0;0;0;74.0;Low
29;100.0;60.0;7.0;98;24.3;0;1;0;1;74.0;Low
30;140.0;100.0;6.9;97;22.4;0;0;0;0;74.0;Low
32;130.0;80.0;6.7;98;24.5;0;0;0;0;74.0;Low
28;110.0;80.0;6.4;98;24.4;0;0;0;0;74.0;Low
27;110.0;60.0;6.3;98;24.3;0;0;0;0;74.0;Low
30;140.0;110.0;6.7;98;24.1;0;0;0;0;74.0;Low
26;100.0;70.0;6.2;98;24.0;0;0;0;0;74.0;Low
22;120.0;85.0;4.1;98;23.9;0;0;0;0;74.0;Low
27;110.0;70.0;6.5;98;21.2;0;0;0;0;74.0;Low
20;110.0;80.0;5.0;98;24.9;0;1;0;0;74.0;Low
25;120.0;90.0;5.7;98;19.0;0;0;0;0;74.0;Low
18;100.0;80.0;3.7;98;19.0;0;0;0;0;74.0;Low
22;110.0;70.0;3.6;98;19.0;0;0;0;0;74.0;Low
19;110.0;80.0;3.5;98;19.0;0;0;0;0;74.0;Low
25;120.0;70.0;4.7;98;21.1;0;0;0;0;74.0;Low
28;110.0;70.0;6.0;98;21.2;0;0;0;0;74.0;Low
29;120.0;60.0;7.0;98;21.3;0;0;0;0;74.0;Low
18;120.0;70.0;4.0;98;21.5;0;0;0;0;74.0;Low
17;120.0;80.0;4.0;98;21.6;0;0;0;0;74.0;Low
37;110.0;70.0;7.0;98;22.2;0;0;0;0;74.0;Low
28;100.0;65.0;6.7;98;25.2;0;0;0;0;74.0;Low
26;120.0;90.0;7.0;98;26.3;0;0;0;0;74.0;Low
19;110.0;80.0;3.0;98;19.7;0;0;0;0;74.0;Low
22;100.0;60.0;4.0;98;24.9;0;0;0;0;74.0;Low
18;110.0;60.0;5.0;98;24.9;0;0;0;0;74.0;Low
21;100.0;60.0;3.8;98;24.9;0;0;0;0;74.0;Low
34;130.0;90.0;6.6;98;24.9;0;1;0;0;74.0;Low
19;100.0;79.0;3.3;98;21.2;0;1;0;0;74.0;Low
25;130.0;90.0;5.5;98;21.2;0;0;0;0;74.0;Low
36;100.0;70.0;6.9;98;21.2;0;0;0;0;77.0;Low
28;120.0;80.0;6.0;98;21.2;0;0;0;0;77.0;Low
25;120.0;90.0;5.0;98;19.0;0;0;0;0;77.0;Low
36;100.0;70.0;7.0;98;20.0;0;0;0;0;77.0;Low
28;120.0;80.0;6.6;98;21.0;0;0;0;0;77.0;Low
26;130.0;70.0;6.7;98;22.0;0;0;0;0;77.0;Low
20;100.0;70.0;4.7;98;23.0;0;0;0;0;77.0;Low
21;110.0;80.0;3.5;98;24.0;0;0;0;0;77.0;Low
20;120.0;60.0;3.0;98;23.0;0;0;0;0;70.0;Low
28;120.0;80.0;6.0;98;22.0;0;0;0;0;70.0;Low
29;140.0;100.0;7.0;98;21.0;0;0;0;0;70.0;Low
30;130.0;90.0;7.0;98;20.0;0;0;0;0;70.0;Low
19;120.0;60.0;4.0;98;19.0;0;0;0;0;70.0;Low
24;100.0;60.0;4.4;98;20.0;0;0;0;0;70.0;Low
28;140.0;110.0;4.9;98;21.0;0;0;0;0;70.0;Low
39;110.0;70.0;7.0;98;22.0;0;0;0;0;70.0;Low
28;100.0;60.0;6.9;98;23.0;0;0;0;0;70.0;Low
24;110.0;60.0;4.1;98;24.0;0;0;0;0;70.0;Low
25;80.0;60.0;4.5;98;23.0;0;0;0;0;70.0;Low
29;120.0;80.0;6.8;98;22.0;0;0;0;0;70.0;Low
19;120.0;90.0;3.8;98;21.0;0;0;0;0;70.0;Low
18;120.0;70.0;3.5;98;20.0;0;0;0;0;70.0;Low
24;130.0;70.0;4.2;98;19.0;0;0;0;0;70.0;Low
30;140.0;110.0;6.8;98;18.5;0;0;0;0;70.0;Low
18;100.0;60.0;3.0;98;18.9;0;0;0;0;70.0;Low
30;115.0;85.0;7.0;98;18.7;0;0;0;0;70.0;Low
36;100.0;70.0;7.0;98;18.8;0;0;0;0;70.0;Low
18;110.0;70.0;4.0;98;24.5;0;0;0;0;70.0;Low
25;105.0;75.0;5.0;98;23.0;0;0;0;0;70.0;Low
31;110.0;80.0;6.0;98;22.5;0;0;0;0;72.0;Low
39;130.0;80.0;7.0;98;19.0;0;0;0;0;72.0;Low
28;90.0;60.0;6.7;98;18.7;0;0;0;0;72.0;Low
20;120.0;70.0;3.6;100;20.0;0;0;0;0;72.0;Low
33;130.0;80.0;5.8;98;21.0;0;0;0;0;72.0;Low
29;90.0;60.0;6.8;98;22.0;0;0;0;0;72.0;Low
30;120.0;70.0;7.0;98;23.0;0;0;0;0;72.0;Low
20;130.0;60.0;4.0;98;24.0;0;0;0;0;72.0;Low
23;100.0;60.0;5.0;98;23.0;0;0;0;0;72.0;Low
19;120.0;60.0;3.5;98;22.0;0;0;0;0;77.0;Low
31;100.0;70.0;6.9;98;21.0;0;0;0;0;77.0;Low
25;125.0;80.0;5.5;98;20.0;0;0;0;0;77.0;Low
37;100.0;70.0;7.0;98;19.0;0;0;0;0;77.0;Low
21;110.0;80.0;3.3;98;20.0;0;0;0;0;77.0;Low
20;120.0;70.0;3.5;98;21.0;0;0;0;0;77.0;Low
32;100.0;60.0;6.6;98;22.0;0;0;0;0;77.0;Low
26;110.0;65.0;6.1;98;23.0;0;0;0;0;72.0;Low
28;120.0;85.0;6.5;98;24.0;0;0;0;0;72.0;Low
35;115.0;75.0;7.0;98;24.1;0;0;0;0;72.0;Low
28;125.0;85.0;5.0;98;19.6;0;0;0;0;72.0;Low
18;130.0;75.0;3.01;98;19.0;0;0;0;0;72.0;Low
36;110.0;85.0;6.0;98;20.0;0;0;0;0;72.0;Low
33;125.0;75.0;5.7;98;21.0;0;0;0;0;72.0;Low
31;120.0;70.0;6.9;98;22.0;0;0;0;0;72.0;Low
29;135.0;80.0;6.5;98;23.0;0;0;0;0;72.0;Low
20;120.0;75.0;5.0;98;24.0;0;0;0;0;72.0;Low
30;135.0;75.0;6.0;98;22.0;0;0;0;0;72.0;Low
25;116.84;77.21;5.3;98;19.0;0;1;0;0;72.0;Low
32;100.0;60.0;6.7;98;20.0;0;0;0;0;72.0;Low
25;120.0;70.0;5.9;98;21.0;0;0;0;0;72.0;Low
22;120.0;80.0;4.1;98;22.0;0;0;0;0;72.0;Low
18;120.0;90.0;3.9;98;23.0;0;0;0;0;72.0;Low
29;140.0;80.0;6.4;98;24.0;0;0;0;0;72.0;Low
28;120.0;60.0;6.0;98;23.0;0;0;0;0;72.0;Low
22;130.0;60.0;4.0;98;22.0;0;0;0;0;72.0;Low
18;130.0;70.0;3.7;98;21.0;0;0;0;0;72.0;Low
29;125.0;65.0;6.7;98;20.0;0;0;0;0;72.0;Low
28;120.0;80.0;6.1;98;19.0;0;0;0;0;72.0;Low
22;100.0;70.0;4.0;98;18.5;0;0;0;0;72.0;Low
18;90.0;70.0;3.0;98;18.6;0;0;0;0;72.0;Low
28;100.0;80.0;6.0;98;18.7;0;0;0;0;72.0;Low
19;115.0;85.0;3.4;98;19.0;0;0;0;0;72.0;Low
19;120.0;60.0;4.01;98;20.0;0;1;0;0;72.0;Low
28;116.84;77.21;4.6;98;21.0;0;0;0;0;72.0;Low
21;130.0;90.0;3.9;98;22.0;0;0;0;0;72.0;Low
23;110.0;80.0;3.5;98;23.0;0;0;0;0;72.0;Low
25;100.0;60.0;4.0;98;24.0;0;0;0;0;72.0;Low
24;110.0;60.0;3.6;99;23.0;0;0;0;0;72.0;Low
32;115.0;70.0;6.7;98;22.0;0;0;0;0;72.0;Low
20;140.0;110.0;4.2;98;20.0;0;0;0;0;72.0;Low
17;100.0;70.0;3.5;98;21.0;0;0;0;0;72.0;Low
24;110.0;80.0;5.0;98;18.5;0;0;0;0;74.0;Low
33;120.0;70.0;6.0;98;19.0;0;0;0;0;74.0;Low
26;120.0;70.0;4.0;98;20.0;0;0;0;1;74.0;Low
28;140.0;100.0;6.7;98;21.0;0;0;0;1;74.0;Low
19;100.0;70.0;3.9;98;22.0;0;0;0;1;74.0;Low
32;125.0;75.0;6.9;98;23.0;0;0;0;1;74.0;Low
24;90.0;70.0;4.5;98;24.0;0;0;0;1;74.0;Low
26;120.0;80.0;4.8;98;23.0;0;0;0;1;74.0;Low
23;120.0;70.0;4.9;98;22.0;0;0;0;1;74.0;Low
21;130.0;80.0;3.4;98;21.0;0;0;0;1;74.0;Low
20;130.0;70.0;3.6;98;20.0;0;0;0;0;74.0;Low
40;100.0;60.0;7.0;98;19.0;0;0;0;0;74.0;Low
39;90.0;60.0;7.0;98;20.0;0;0;0;0;74.0;Low
37;120.0;70.0;6.9;98;21.0;0;0;0;0;74.0;Low
31;100.0;70.0;6.6;98;24.0;0;0;0;0;74.0;Low
27;120.0;60.0;5.9;98;23.0;0;0;0;0;74.0;Low
23;110.0;90.0;4.8;98;22.0;0;0;0;0;74.0;Low
22;130.0;95.0;4.4;98;24.4;0;0;0;0;74.0;Low
27;140.0;90.0;5.7;98;22.0;0;0;0;0;74.0;Low
19;130.0;100.0;4.1;98;23.0;0;0;0;0;74.0;Low
20;110.0;80.0;4.0;98;24.0;0;0;0;0;74.0;Low
33;116.84;100.0;6.7;98;21.0;0;0;0;0;74.0;Low
32;135.0;95.0;7.0;98;20.0;0;0;0;0;74.0;Low
23;130.0;65.0;5.0;98;19.0;0;0;0;0;74.0;Low
26;110.0;70.0;5.5;98;18.5;0;0;0;0;74.0;Low
25;120.0;80.0;5.0;98;18.9;0;0;0;0;74.0;Low
20;110.0;60.0;4.0;98;19.0;0;0;0;0;70.0;Low
21;110.0;70.0;4.01;98;20.0;0;0;0;0;70.0;Low
21;100.0;60.0;3.9;98;21.0;0;0;0;0;70.0;Low
23;110.0;70.0;4.4;98;22.0;0;0;0;0;70.0;Low
30;110.0;60.0;5.9;97;23.0;0;0;0;0;70.0;Low
21;110.0;60.0;4.0;98;24.0;0;0;0;0;70.0;Low
28;110.0;70.0;6.7;98;23.0;0;0;0;0;70.0;Low
24;120.0;80.0;5.5;98;22.0;0;0;0;0;70.0;Low
20;110.0;80.0;4.0;98;21.0;0;0;0;0;70.0;Low
25;100.0;70.0;5.5;98;20.0;0;0;0;0;70.0;Low
24;100.0;60.0;5.2;98;19.0;0;0;0;0;70.0;Low
30;120.0;80.0;6.0;98;19.0;0;0;0;0;70.0;Low
28;110.0;80.0;5.7;98;19.0;0;0;0;0;70.0;Low
24;110.0;60.0;4.8;98;19.0;0;0;0;0;70.0;Low
20;130.0;80.0;3.6;98;19.0;0;0;0;0;70.0;Low
31;130.0;80.0;6.7;98;19.0;0;0;0;0;74.0;Low
28;140.0;80.0;7.0;98;20.0;0;0;0;0;74.0;Low
22;130.0;90.0;4.0;98;20.0;0;0;0;0;74.0;Low
21;120.0;90.0;3.9;98;20.0;0;0;0;0;74.0;Low
18;120.0;90.0;3.3;98;20.0;0;0;0;0;74.0;Low
30;140.0;90.0;6.6;98;20.0;0;0;0;0;74.0;Low
30;140.0;95.0;7.0;98;20.0;0;0;0;0;74.0;Low
18;140.0;100.0;3.7;98;21.0;0;0;0;0;74.0;Low
19;110.0;70.0;3.6;98;21.0;0;0;0;0;74.0;Low
22;90.0;60.0;4.01;98;21.0;0;0;0;0;74.0;Low
21;110.0;60.0;4.0;98;21.0;0;0;0;0;74.0;Low
25;100.0;60.0;5.0;98;21.0;0;0;0;0;74.0;Low
32;120.0;70.0;6.0;98;21.0;0;0;0;0;74.0;Low
28;110.0;60.0;6.1;98;21.0;0;0;0;0;74.0;Low
24;110.0;70.0;5.3;98;22.0;0;0;0;0;74.0;Low
23;130.0;70.0;5.2;98;22.0;0;0;0;0;74.0;Low
29;85.0;65.0;6.0;98;22.0;0;1;0;0;72.0;Low
21;95.0;65.0;4.9;98;22.0;0;0;0;0;72.0;Low
34;110.0;70.0;7.0;98;22.0;0;1;0;0;72.0;Low
30;140.0;100.0;6.9;98;22.0;0;0;0;0;72.0;Low
17;110.0;60.0;3.4;98;23.0;0;0;0;0;72.0;Low
30;100.0;60.0;6.0;98;23.0;0;0;0;0;72.0;Low
27;120.0;60.0;5.6;98;23.0;0;0;0;0;72.0;Low
20;120.0;70.0;4.0;98;23.0;0;0;0;0;72.0;Low
23;120.0;70.0;4.4;99;23.0;0;0;0;0;72.0;Low
18;110.0;70.0;3.7;98;23.0;0;0;0;0;72.0;Low
30;105.0;65.0;7.0;98;23.0;0;0;0;0;72.0;Low
25;115.0;75.0;5.9;98;24.0;0;0;0;0;72.0;Low
20;110.0;60.0;4.0;98;24.0;0;0;0;0;72.0;Low
25;130.0;80.0;4.4;98;24.0;0;0;0;0;72.0;Low
30;140.0;90.0;6.0;98;24.0;0;0;0;0;72.0;Low
25;140.0;90.0;5.5;98;24.0;0;0;0;0;72.0;Low
29;140.0;90.0;6.9;98;24.0;0;0;0;0;72.0;Low
25;140.0;100.0;5.7;98;18.5;0;0;0;0;72.0;Low
27;130.0;100.0;5.6;98;18.5;0;0;0;0;72.0;Low
23;120.0;85.0;4.9;98;18.5;0;0;0;0;72.0;Low
22;160.0;120.0;4.1;98;18.5;0;0;0;0;72.0;Low
19;100.0;60.0;3.9;98;18.5;0;0;0;0;72.0;Low
24;110.0;70.0;4.3;98;18.5;0;0;0;0;70.0;Low
28;120.0;80.0;5.7;98;22.9;0;0;0;0;70.0;Low
36;120.0;80.0;7.0;98;22.9;0;0;0;0;70.0;Low
33;130.0;75.0;6.8;98;22.9;0;0;0;0;70.0;Low
28;110.0;70.0;5.07;98;22.9;0;0;0;0;70.0;Low
36;140.0;90.0;6.09;97;22.9;0;0;0;0;70.0;Low
28;130.0;80.0;6.6;98;22.9;0;0;0;0;70.0;Low
26;125.0;75.0;6.0;98;21.3;0;0;0;0;70.0;Low
30;115.0;75.0;7.0;98;21.3;0;0;0;0;70.0;Low
18;120.0;80.0;3.0;98;21.3;0;0;0;0;70.0;Low
29;110.0;70.0;6.0;98;21.3;0;0;0;0;70.0;Low
21;90.0;60.0;5.0;98;21.3;0;0;0;0;70.0;Low
25;100.0;65.0;6.1;98;21.3;0;0;0;0;66.0;Low
35;100.0;70.0;6.1;98;24.7;0;0;0;0;66.0;Low
22;120.0;85.0;6.1;98;24.7;0;0;0;0;88.0;Low
23;120.0;90.0;6.1;98;24.7;0;0;0;0;60.0;Low
25;90.0;70.0;6.1;98;24.7;0;0;0;0;80.0;Low
30;120.0;80.0;6.1;98;24.7;0;0;0;0;70.0;Low
23;120.0;90.0;6.1;98;23.9;0;0;0;0;70.0;Low
32;120.0;90.0;7.5;98;23.9;0;0;0;0;70.0;Low
42;120.0;80.0;7.5;98;23.9;0;0;0;0;70.0;Low
23;90.0;60.0;7.5;98;23.9;0;0;0;0;76.0;Low
15;76.0;49.0;7.5;98;23.9;0;0;0;0;77.0;Low
15;120.0;80.0;7.0;98;21.6;0;0;0;0;70.0;Low
25;120.0;80.0;7.0;98;21.6;0;0;0;0;66.0;Low
22;100.0;65.0;7.0;98;21.6;0;0;0;0;80.0;Low
35;100.0;70.0;7.0;98;21.6;0;0;0;0;60.0;Low
19;120.0;85.0;7.0;98;21.6;0;0;0;0;60.0;Low
25;120.0;80.0;6.8;98;21.6;0;0;0;0;66.0;Low
48;140.0;90.0;15.0;98;21.6;0;0;0;0;90.0;Low
25;140.0;100.0;6.8;98;21.6;0;0;0;0;80.0;Low
19;120.0;60.0;5.01;98;19.2;0;0;0;0;74.0;Low
23;140.0;90.0;9.8;98;30.0;0;0;1;1;80.0;High
34;85.0;60.0;11.0;102;25.0;1;1;0;1;86.0;High
50;140.0;90.0;15.0;98;29.0;1;1;0;1;90.0;High
25;140.0;100.0;6.8;98;18.0;0;0;0;1;80.0;High
42;140.0;100.0;18.0;98;26.0;1;1;0;1;90.0;High
32;140.0;100.0;7.9;98;25.0;1;0;0;1;78.0;High
50;140.0;95.0;17.0;98;28.0;0;1;0;1;60.0;High
38;135.0;60.0;7.9;101;30.7;0;0;1;1;86.0;High
39;90.0;70.0;9.0;98;29.9;0;1;0;1;80.0;High
30;140.0;100.0;15.0;98;25.1;1;1;0;1;70.0;High
63;140.0;90.0;15.0;98;26.9;0;1;0;1;90.0;High
25;140.0;100.0;7.9;98;27.3;1;0;0;1;80.0;High
30;120.0;80.0;7.9;101;30.0;0;0;1;0;76.0;High
55;140.0;100.0;18.0;98;26.0;0;1;0;0;90.0;High
32;140.0;100.0;7.9;98;31.0;0;0;1;0;78.0;High
30;140.0;100.0;15.0;98;29.0;0;1;0;0;70.0;High
48;120.0;80.0;11.0;98;28.0;0;1;0;0;88.0;High
49;140.0;90.0;15.0;98;27.0;0;1;0;0;90.0;High
25;140.0;100.0;7.5;98;26.0;0;0;0;0;80.0;High
55;129.0;85.0;7.5;98;25.0;0;0;0;0;88.0;Low
25;100.0;90.0;7.5;98;26.0;0;0;0;0;76.0;Low
35;120.0;80.0;7.5;98;27.0;0;0;0;0;80.0;Low
21;90.0;65.0;7.5;98;28.0;0;0;0;0;76.0;Low
18;90.0;60.0;7.5;98;29.0;0;0;0;0;70.0;Low
21;120.0;80.0;7.5;98;28.0;0;0;0;0;76.0;Low
16;100.0;70.0;7.2;98;27.0;0;0;0;0;80.0;Low
19;120.0;75.0;7.2;98;26.0;0;0;0;0;66.0;Low
28;115.0;60.0;7.8;101;25.0;0;0;0;0;86.0;Low
50;120.0;80.0;7.8;98;25.6;0;0;0;0;70.0;Low
19;90.0;70.0;7.8;98;25.7;0;1;0;0;80.0;Low
30;120.0;80.0;7.8;98;25.8;0;0;0;0;70.0;Low
31;120.0;60.0;6.1;98;26.0;0;0;0;0;76.0;Low
23;120.0;70.0;7.8;98;25.0;0;0;0;0;70.0;Low
29;130.0;70.0;7.8;98;27.0;0;0;0;0;78.0;Low
32;120.0;90.0;7.8;98;25.0;0;0;0;0;70.0;Low
42;120.0;80.0;7.8;98;28.0;0;0;0;0;70.0;Low
23;90.0;60.0;7.8;98;29.0;0;1;0;0;76.0;Low
19;120.0;80.0;7.0;98;28.0;0;0;0;0;70.0;Low
15;76.0;49.0;7.8;98;18.0;0;0;0;0;77.0;Low
20;120.0;75.0;7.8;98;18.0;0;0;0;0;70.0;Low
48;120.0;80.0;11.0;98;17.0;1;1;0;1;88.0;High
15;120.0;80.0;7.8;98;18.0;0;0;0;0;70.0;Low
25;120.0;80.0;7.8;98;18.4;0;0;0;0;66.0;Low
22;100.0;65.0;7.8;98;24.7;0;0;0;0;80.0;Low
12;120.0;95.0;7.8;98;25.0;0;0;0;0;68.0;Low
35;100.0;70.0;7.8;98;26.0;0;0;0;0;70.0;Low
19;120.0;85.0;7.8;102;18.0;0;0;1;1;60.0;High
60;90.0;65.0;6.8;98;29.0;0;0;0;0;77.0;Low
23;115.0;75.0;4.8;98;25.0;0;0;0;0;72.0;Low
33;130.0;90.0;6.0;97;20.0;0;0;0;0;74.0;Low
22;100.0;65.0;4.8;98;21.0;0;0;0;0;88.0;Low
32;120.0;95.0;6.8;98;22.0;0;0;0;0;68.0;Low
35;100.0;70.0;6.8;98;23.0;0;0;0;0;66.0;Low
19;120.0;90.0;6.8;98;24.0;0;0;0;0;72.0;Low
60;90.0;65.0;6.8;98;19.0;0;1;0;0;77.0;Low
55;120.0;90.0;6.8;98;18.6;0;0;0;0;78.0;Low
50;130.0;100.0;16.0;102;30.0;1;1;0;0;86.0;High
27;120.0;90.0;6.8;98;24.0;0;0;0;0;68.0;Low
60;140.0;90.0;12.0;98;34.0;0;1;1;0;87.0;High
55;100.0;70.0;6.8;98;24.5;0;0;0;0;76.0;Low
60;140.0;80.0;16.0;98;26.0;0;1;0;1;60.0;High
19;120.0;90.0;5.0;102;17.0;0;0;0;1;90.0;High
17;140.0;100.0;6.8;103;16.0;0;0;0;1;86.0;High
60;120.0;80.0;6.8;98;24.9;0;0;0;1;77.0;Low
22;100.0;65.0;6.8;98;22.0;0;0;0;1;80.0;Low
36;140.0;100.0;13.0;102;26.0;1;1;0;1;86.0;High
22;90.0;60.0;6.8;98;22.0;0;0;0;0;77.0;Low
25;120.0;100.0;6.8;98;24.0;0;0;0;0;66.0;Low
35;100.0;60.0;15.0;98;26.0;1;1;0;0;80.0;High
40;140.0;100.0;13.0;101;26.8;1;1;0;1;66.0;High
27;120.0;70.0;6.8;98;22.0;0;0;0;0;77.0;Low
36;140.0;100.0;6.8;98;23.0;0;0;0;0;76.0;Low
22;90.0;60.0;6.8;98;24.0;0;0;0;0;77.0;Low
25;120.0;100.0;6.8;98;21.0;0;0;0;0;66.0;Low
35;100.0;60.0;15.0;98;27.6;1;1;0;1;80.0;High
40;140.0;100.0;13.0;101;28.7;1;1;0;1;66.0;High
27;120.0;70.0;6.8;98;24.0;0;0;0;0;77.0;Low
27;120.0;70.0;6.8;98;23.0;0;0;0;0;77.0;Low
65;130.0;80.0;15.0;98;29.0;0;1;0;0;86.0;High
35;140.0;80.0;13.0;98;31.0;0;0;1;0;80.0;High
29;90.0;70.0;10.0;98;31.5;1;0;1;0;80.0;High
30;120.0;80.0;6.8;98;20.0;0;0;0;0;70.0;Low
35;120.0;60.0;6.1;98;21.0;0;0;0;0;76.0;Low
23;140.0;90.0;6.8;98;22.0;0;0;0;0;70.0;Low
23;130.0;70.0;6.8;98;23.0;0;0;0;0;78.0;Low
35;85.0;60.0;11.0;102;26.0;0;1;0;0;86.0;High
32;120.0;90.0;6.8;98;22.0;0;0;0;0;70.0;Low
43;130.0;80.0;18.0;98;28.0;1;1;0;0;60.0;High
23;99.0;60.0;6.8;98;20.0;0;0;0;0;76.0;Low
19;120.0;80.0;5.0;98;21.0;0;0;0;0;70.0;Low
15;76.0;49.0;4.9;98;22.0;0;0;0;0;77.0;Low
30;120.0;75.0;6.8;98;23.0;0;0;0;0;70.0;Low
48;120.0;80.0;11.0;98;29.0;1;1;0;1;75.84;High
15;120.0;80.0;6.8;98;23.0;0;0;0;0;70.0;Low
48;140.0;90.0;15.0;98;23.0;0;1;0;1;90.0;High
25;140.0;100.0;6.8;98;26.0;0;0;1;1;80.0;High
29;100.0;70.0;6.8;98;20.0;0;0;0;0;80.0;Low
32;120.0;80.0;6.8;98;21.0;0;0;0;0;70.0;Low
35;120.0;60.0;6.1;98;22.0;0;0;0;0;76.0;Low
23;140.0;90.0;6.8;98;23.0;0;0;0;0;70.0;Low
23;130.0;70.0;6.8;98;24.0;0;0;0;0;78.0;Low
34;85.0;60.0;11.0;102;26.6;1;1;0;0;86.0;High
32;120.0;90.0;6.8;98;21.0;0;0;0;0;70.0;Low
42;130.0;80.0;18.0;98;29.0;0;1;0;1;78.0;High
23;90.0;60.0;6.8;98;19.0;0;0;0;1;76.0;Low
19;120.0;80.0;4.0;98;20.0;0;0;0;0;70.0;Low
15;76.0;49.0;3.6;98;21.0;0;0;0;0;77.0;Low
20;120.0;75.0;6.8;98;22.0;0;0;0;0;70.0;Low
48;120.0;80.0;11.0;98;23.0;0;0;0;0;78.0;Low
15;120.0;80.0;6.8;98;24.0;0;0;0;0;70.0;Low
50;140.0;90.0;15.0;98;28.9;1;1;0;1;90.0;High
23;120.0;60.0;4.1;98;20.9;0;0;0;0;72.0;Low
48;120.0;80.0;11.0;98;29.9;1;1;0;1;88.0;High
30;120.0;80.0;6.9;98;20.0;0;0;0;0;76.0;Low
18;120.0;80.0;6.9;98;21.0;0;0;0;0;76.0;Low
17;90.0;60.0;6.9;98;22.0;0;0;0;0;76.0;Low
17;90.0;63.0;6.9;98;23.0;0;0;0;0;70.0;Low
25;120.0;90.0;6.7;98;24.0;0;0;0;0;70.0;Low
17;120.0;80.0;6.7;98;23.0;0;0;0;0;76.0;Low
13;90.0;65.0;7.9;98;22.0;0;0;0;0;80.0;Low
31;120.0;60.0;6.1;98;21.0;0;0;0;0;76.0;Low
29;130.0;70.0;6.1;98;20.0;0;0;0;0;78.0;Low
19;120.0;80.0;7.0;98;19.0;0;0;0;0;70.0;Low
28;85.0;60.0;6.0;97;20.0;0;0;0;0;86.0;Low
50;140.0;80.0;6.7;98;21.0;0;0;0;0;70.0;Low
29;90.0;70.0;6.7;98;22.0;0;0;0;0;80.0;Low
31;120.0;60.0;6.1;98;23.0;0;0;0;0;76.0;Low
29;130.0;70.0;6.7;98;24.0;0;0;0;0;78.0;Low
17;85.0;60.0;4.0;102;22.0;0;1;0;0;76.0;Low
19;120.0;80.0;7.0;98;23.0;0;0;0;0;70.0;Low
20;110.0;60.0;7.0;100;21.0;0;0;0;0;70.0;Low
19;120.0;80.0;7.0;98;20.0;0;0;0;0;70.0;Low
20;120.0;75.0;7.01;100;19.0;0;0;0;0;70.0;Low
48;120.0;80.0;11.0;98;27.9;1;1;0;0;88.0;High
30;120.0;80.0;6.9;98;20.0;0;0;0;0;76.0;Low
18;120.0;80.0;6.9;98;21.0;0;0;0;0;76.0;Low
17;90.0;60.0;6.9;98;22.0;0;0;0;0;76.0;Low
17;90.0;63.0;6.9;98;23.0;0;0;0;0;70.0;Low
25;120.0;90.0;6.7;98;24.0;0;0;0;0;80.0;Low
17;120.0;80.0;6.7;102;21.0;0;0;0;0;76.0;Low
13;90.0;65.0;7.9;101;22.0;0;0;0;0;80.0;Low
31;120.0;60.0;6.1;98;19.0;0;0;0;0;76.0;Low
29;130.0;70.0;6.1;98;18.0;0;0;0;0;78.0;Low
19;120.0;80.0;7.0;98;20.0;0;0;0;0;70.0;Low
28;85.0;60.0;9.0;101;27.0;1;1;0;1;86.0;High
50;140.0;80.0;6.7;98;24.0;0;0;0;0;70.0;Low
29;90.0;70.0;6.7;98;23.0;0;0;0;0;80.0;Low
31;120.0;60.0;6.1;98;23.0;0;0;0;0;76.0;Low
29;130.0;70.0;6.7;98;18.6;0;0;0;0;78.0;Low
17;85.0;60.0;9.0;102;17.3;0;0;1;1;86.0;High
19;120.0;80.0;7.0;98;24.4;0;0;0;0;70.0;Low
20;110.0;60.0;7.0;100;23.3;0;0;0;0;70.0;Low
32;120.0;65.0;6.0;101;22.3;0;0;0;0;76.0;Low
26;85.0;60.0;6.0;101;21.5;0;0;0;0;70.0;Low
29;130.0;70.0;7.7;98;19.0;0;0;0;0;78.0;Low
19;120.0;80.0;7.0;98;20.4;0;0;0;0;70.0;Low
54;130.0;70.0;12.0;98;19.6;0;0;0;0;67.0;Low
44;120.0;90.0;16.0;98;28.9;1;1;0;1;89.0;High
23;130.0;70.0;6.9;98;19.0;0;0;0;0;70.0;Low
22;85.0;60.0;6.9;98;20.0;0;0;0;0;76.0;Low
55;120.0;90.0;7.0;98;21.0;0;0;0;0;70.0;Low
35;120.0;80.0;6.9;98;22.0;0;0;0;0;78.0;Low
21;90.0;60.0;6.9;98;23.0;0;0;0;0;86.0;Low
16;90.0;65.0;6.9;98;24.0;0;0;0;0;76.0;Low
33;115.0;65.0;7.0;98;23.0;0;0;0;0;70.0;Low
12;95.0;60.0;6.9;98;22.0;0;0;0;0;65.0;Low
28;120.0;90.0;6.9;98;21.0;0;0;0;0;70.0;Low
21;90.0;65.0;6.9;98;20.0;0;0;0;0;76.0;Low
18;90.0;60.0;6.9;98;19.0;0;0;0;0;70.0;Low
21;120.0;80.0;6.9;98;18.5;0;0;0;0;76.0;Low
16;100.0;70.0;6.9;98;18.6;0;0;0;0;80.0;Low
19;120.0;75.0;6.9;98;18.9;0;0;0;0;66.0;Low
23;100.0;85.0;6.9;98;19.0;0;0;0;0;66.0;Low
22;120.0;90.0;7.8;98;24.0;0;0;0;0;82.0;Low
60;120.0;85.0;15.0;98;29.6;1;1;0;1;60.0;High
13;90.0;65.0;6.8;101;19.4;0;0;0;1;80.0;Low
23;120.0;90.0;6.8;98;19.4;0;0;0;1;60.0;Low
28;115.0;60.0;6.8;101;19.4;0;0;0;1;76.0;Low
50;120.0;80.0;6.8;98;24.5;0;0;0;0;70.0;Low
29;130.0;70.0;6.8;98;20.0;0;0;0;0;78.0;Low
19;120.0;80.0;7.0;98;21.0;0;0;0;0;70.0;Low
19;120.0;85.0;7.8;98;22.0;0;0;0;0;60.0;Low
60;90.0;65.0;6.8;98;23.0;0;0;0;0;77.0;Low
55;120.0;90.0;6.8;98;24.0;0;0;0;0;66.0;Low
25;120.0;80.0;6.8;98;21.0;0;0;0;0;66.0;Low
12;120.0;95.0;6.8;98;23.0;0;0;0;0;60.0;Low
19;120.0;90.0;6.8;98;18.5;0;0;0;0;60.0;Low
60;90.0;65.0;6.8;98;24.0;0;0;0;0;77.0;Low
50;130.0;80.0;16.0;102;27.7;0;1;0;1;88.0;High
27;120.0;90.0;6.8;102;24.4;0;0;0;0;68.0;Low
55;100.0;70.0;6.8;101;24.4;0;0;0;0;80.0;Low
12;120.0;90.0;6.8;98;24.4;0;0;0;0;80.0;Low
60;120.0;80.0;6.8;98;24.4;0;0;0;0;77.0;Low
25;120.0;100.0;6.8;98;24.4;0;0;0;0;60.0;Low
22;90.0;60.0;6.8;98;24.4;0;0;0;0;77.0;Low
30;120.0;80.0;6.8;98;24.4;0;0;0;0;70.0;Low
35;120.0;60.0;6.1;98;24.4;0;0;0;0;76.0;Low
23;130.0;70.0;6.8;98;24.4;0;0;0;0;78.0;Low
43;130.0;80.0;18.0;98;25.9;1;1;0;1;60.0;High
19;120.0;80.0;7.0;98;20.0;0;0;0;0;70.0;Low
30;120.0;75.0;6.8;98;23.0;0;0;0;0;70.0;Low
32;120.0;80.0;6.8;98;21.0;0;0;0;0;70.0;Low
23;130.0;70.0;6.8;98;24.0;0;0;0;0;78.0;Low
42;130.0;80.0;18.0;98;26.8;0;1;0;0;88.0;High
19;120.0;80.0;7.0;98;20.0;0;0;0;0;70.0;Low
31;110.0;90.0;6.8;100;21.0;0;0;0;0;70.0;Low
19;120.0;80.0;7.0;98;22.0;0;0;0;0;70.0;Low
25;120.0;80.0;6.9;98;23.0;0;0;0;0;66.0;Low
31;120.0;60.0;6.1;98;24.0;0;0;0;0;76.0;Low
23;120.0;90.0;6.9;98;24.5;0;0;0;0;70.0;Low
29;130.0;70.0;6.9;98;24.1;0;0;0;0;78.0;Low
48;120.0;80.0;11.0;98;29.0;1;1;0;1;88.0;High
18;120.0;80.0;5.9;102;18.9;0;0;0;0;76.0;Low
18;85.0;60.0;5.5;101;18.9;0;0;0;0;76.0;Low
29;130.0;70.0;5.5;98;18.9;0;0;0;0;78.0;Low
23;120.0;75.0;6.0;98;18.9;0;0;0;0;70.0;Low
15;120.0;80.0;7.5;98;18.9;0;0;0;0;70.0;Low
30;120.0;80.0;7.5;101;18.9;0;0;0;0;76.0;Low
40;120.0;95.0;6.9;98;18.9;0;0;0;0;70.0;Low
60;120.0;85.0;15.0;98;27.8;0;1;0;1;60.0;High
50;130.0;100.0;16.0;98;26.7;0;1;0;1;85.0;High
28;115.0;60.0;7.5;101;19.0;0;0;0;0;76.0;Low
31;120.0;60.0;6.1;98;20.0;0;0;0;0;76.0;Low
23;120.0;80.0;6.5;98;21.0;0;0;0;0;70.0;Low
29;130.0;70.0;6.5;98;22.0;0;0;0;0;78.0;Low
22;100.0;65.0;6.5;98;23.0;0;0;0;0;70.0;Low
49;120.0;90.0;6.5;98;24.0;0;0;0;0;77.0;Low
28;90.0;60.0;6.5;98;23.0;0;0;0;0;72.0;Low
12;90.0;60.0;6.5;102;22.0;0;0;0;0;66.0;Low
20;100.0;90.0;6.5;98;21.0;0;0;0;0;68.0;Low
23;100.0;85.0;6.5;98;20.0;0;0;0;0;66.0;Low
22;120.0;90.0;6.5;98;19.0;0;0;0;0;72.0;Low
21;120.0;80.0;7.5;98;20.0;0;0;0;0;77.0;Low
60;120.0;80.0;7.5;98;21.0;0;0;0;0;75.0;Low
50;130.0;100.0;16.0;98;26.0;1;1;0;0;85.0;High
17;90.0;65.0;7.5;103;30.0;0;0;1;1;67.0;High
29;130.0;70.0;7.5;98;19.0;0;0;0;1;78.0;Low
19;120.0;80.0;7.0;98;20.0;0;0;0;1;70.0;Low
19;120.0;85.0;4.0;98;21.0;0;0;0;1;60.0;Low
30;90.0;65.0;7.0;98;22.0;0;0;0;1;77.0;Low
28;85.0;60.0;6.0;101;23.0;0;0;0;1;68.0;Low
50;120.0;80.0;7.0;98;24.0;0;0;0;0;70.0;Low
39;110.0;70.0;6.9;98;23.0;0;0;0;0;80.0;Low
29;130.0;70.0;6.0;98;22.0;0;0;0;0;78.0;Low
17;90.0;60.0;5.0;102;21.0;0;0;0;0;78.0;Low
32;120.0;90.0;7.0;100;20.0;0;0;0;0;70.0;Low
42;120.0;90.0;6.0;98;19.0;0;0;0;0;70.0;Low
36;120.0;90.0;7.0;98;18.6;0;0;0;0;72.0;Low
30;120.0;80.0;7.1;101;18.7;0;0;0;0;76.0;Low
15;70.0;50.0;6.0;98;18.8;0;0;0;0;70.0;Low
10;100.0;50.0;6.0;99;18.9;0;0;0;0;70.0;Low
12;100.0;50.0;6.4;98;19.0;0;0;0;0;70.0;Low
12;100.0;50.0;6.0;98;24.0;0;1;0;0;70.0;Low
23;130.0;70.0;7.01;98;23.0;0;0;0;0;78.0;Low
32;120.0;90.0;6.9;98;20.0;0;0;0;0;70.0;Low
19;120.0;80.0;7.0;98;22.0;0;0;0;0;70.0;Low
20;120.0;75.0;7.01;100;21.0;0;0;0;0;70.0;Low
48;120.0;80.0;7.0;98;19.0;0;0;0;0;70.0;Low
30;120.0;80.0;6.9;101;24.0;0;0;0;0;76.0;Low
18;120.0;80.0;6.9;102;20.0;0;0;0;0;76.0;Low
17;90.0;60.0;6.9;101;23.0;0;0;0;0;76.0;Low
17;90.0;63.0;6.9;101;22.0;0;0;0;0;70.0;Low
25;120.0;90.0;6.7;101;21.0;0;0;0;0;80.0;Low
17;120.0;80.0;6.7;102;19.0;0;0;0;0;76.0;Low
13;90.0;65.0;7.9;101;24.0;0;0;0;0;80.0;Low
31;120.0;60.0;6.1;98;23.0;0;0;0;0;76.0;Low
29;130.0;70.0;6.1;98;20.0;0;0;0;0;78.0;Low
19;120.0;80.0;7.0;98;21.0;0;0;0;0;70.0;Low
28;85.0;60.0;9.0;101;22.0;0;0;0;0;76.0;Low
50;140.0;80.0;6.7;98;22.3;0;0;0;0;70.0;Low
29;90.0;70.0;6.7;98;23.2;0;0;0;0;80.0;Low
31;120.0;60.0;6.1;98;24.5;0;0;0;0;76.0;Low
29;130.0;70.0;6.7;98;23.6;0;0;0;0;78.0;Low
17;85.0;60.0;9.0;102;16.8;0;1;0;0;86.0;High
19;120.0;80.0;4.0;98;19.0;0;0;0;0;70.0;Low
20;110.0;60.0;3.9;100;24.0;0;0;0;0;70.0;Low
32;120.0;65.0;6.0;101;23.0;0;0;0;1;76.0;Low
27;120.0;70.0;6.8;98;20.0;0;1;0;1;77.0;Low
27;120.0;70.0;6.8;98;22.0;0;0;0;1;77.0;Low
32;120.0;90.0;6.8;98;21.0;0;0;0;1;70.0;Low
23;99.0;60.0;6.8;98;24.0;0;0;0;0;76.0;Low
15;76.0;49.0;6.8;98;19.0;0;0;0;0;77.0;Low
15;120.0;80.0;6.8;98;23.0;0;0;0;0;70.0;Low
29;100.0;70.0;6.8;98;18.6;0;0;0;0;80.0;Low
35;120.0;60.0;6.1;98;20.0;0;0;0;1;76.0;Low
32;120.0;90.0;6.8;98;22.0;0;0;0;1;70.0;Low
23;90.0;60.0;6.8;98;21.0;0;0;0;1;76.0;Low
15;76.0;49.0;6.8;98;21.0;0;0;0;1;77.0;Low
20;120.0;75.0;6.8;98;21.0;0;0;0;1;70.0;Low
48;120.0;80.0;5.9;98;21.0;0;0;0;1;77.0;Low
15;120.0;80.0;6.8;98;24.4;0;0;0;1;70.0;Low
30;120.0;80.0;6.8;101;24.4;0;0;0;1;76.0;Low
18;120.0;80.0;6.8;102;24.4;0;0;0;1;76.0;Low
17;90.0;60.0;6.8;101;24.4;0;0;0;1;76.0;Low
15;76.0;49.0;6.8;98;24.4;0;0;0;0;77.0;Low
19;120.0;75.0;6.8;98;24.4;0;0;0;0;70.0;Low
48;120.0;80.0;11.0;98;27.9;1;1;0;0;88.0;High
15;120.0;80.0;5.9;98;23.4;0;0;0;0;70.0;Low
22;100.0;65.0;4.9;98;23.4;0;0;0;0;80.0;Low
35;100.0;70.0;6.9;98;23.4;0;0;0;0;60.0;Low
19;120.0;85.0;4.0;98;23.4;0;0;0;0;60.0;Low
60;90.0;65.0;7.0;98;23.4;0;0;0;0;77.0;Low
50;120.0;80.0;7.0;98;22.0;0;0;0;0;70.0;Low
17;116.84;60.0;4.0;102;22.0;0;0;0;0;76.0;Low
42;120.0;80.0;7.0;98;21.0;0;0;0;0;70.0;Low
23;90.0;60.0;4.7;98;24.0;0;0;0;0;76.0;Low
19;120.0;80.0;7.0;98;23.0;0;0;0;0;70.0;Low
15;76.0;49.0;3.9;98;21.0;0;1;0;0;77.0;Low
16;120.0;75.0;4.0;98;20.0;0;0;0;0;74.0;Low
15;120.0;80.0;4.01;98;20.0;0;0;0;0;70.0;Low
17;70.0;50.0;5.0;98;22.5;0;0;0;0;70.0;Low
17;90.0;60.0;5.5;98;23.0;0;0;0;0;76.0;Low
17;90.0;63.0;4.5;98;19.0;0;0;0;0;70.0;Low
25;120.0;90.0;6.5;98;20.0;0;0;0;0;80.0;Low
17;120.0;80.0;3.5;98;21.0;0;0;0;0;76.0;Low
19;90.0;65.0;4.5;98;22.0;0;0;0;0;70.0;Low
15;80.0;60.0;3.5;98;23.0;0;0;0;0;80.0;Low
60;90.0;65.0;7.5;98;24.0;0;0;0;1;77.0;Low
50;120.0;80.0;7.5;98;23.0;0;0;0;1;70.0;Low
19;90.0;70.0;4.5;98;22.0;0;0;0;1;80.0;Low
31;120.0;60.0;6.1;98;21.0;0;0;0;1;76.0;Low
23;120.0;90.0;5.5;98;20.0;0;0;0;0;70.0;Low
17;85.0;60.0;3.5;102;19.0;0;0;0;0;66.0;Low
32;120.0;90.0;7.5;98;20.0;0;0;0;0;70.0;Low
42;120.0;80.0;7.5;98;21.0;0;0;0;0;70.0;Low
42;90.0;60.0;7.5;98;22.0;1;0;0;1;76.0;Low
19;120.0;80.0;7.0;98;23.0;0;0;0;0;70.0;Low
15;78.0;49.0;5.5;98;24.0;0;0;0;0;77.0;Low
16;70.0;50.0;3.0;100;23.0;0;0;0;0;70.0;Low
16;100.0;70.0;4.0;98;22.0;0;0;0;0;80.0;Low
19;120.0;75.0;4.4;98;21.0;0;0;0;0;66.0;Low
22;100.0;65.0;5.0;98;20.0;0;0;0;0;70.0;Low
49;120.0;90.0;7.5;98;19.0;0;0;0;0;77.0;Low
12;90.0;60.0;3.0;102;21.0;0;0;0;0;66.0;Low
20;100.0;90.0;3.5;98;22.0;1;1;0;1;74.0;Low
23;100.0;85.0;5.0;98;23.0;0;0;0;0;66.0;Low
22;120.0;90.0;5.01;98;24.0;0;0;0;0;70.0;Low
21;120.0;80.0;5.0;98;23.0;0;0;0;0;77.0;Low
21;75.0;50.0;5.0;98;22.0;0;1;0;0;60.0;Low
12;90.0;60.0;3.7;102;21.0;0;0;0;0;60.0;Low
60;120.0;80.0;7.5;98;19.0;0;0;0;0;75.0;Low
55;100.0;65.0;7.0;98;20.0;0;0;0;0;66.0;Low
45;120.0;95.0;6.5;98;21.0;0;0;0;0;66.0;Low
35;100.0;70.0;7.0;98;22.0;0;0;0;0;66.0;Low
22;120.0;85.0;4.5;98;23.0;0;0;0;0;78.0;Low
24;120.0;70.0;4.07;98;24.0;0;0;0;0;72.0;Low
17;90.0;65.0;3.5;98;24.0;0;0;0;0;67.0;Low
24;120.0;80.0;5.5;98;23.0;0;0;0;0;70.0;Low
23;120.0;80.0;5.01;98;22.0;1;1;0;1;70.0;Low
19;85.0;60.0;3.3;98;21.0;0;0;0;0;76.0;Low
32;120.0;90.0;6.5;98;20.0;0;0;0;0;70.0;Low
42;120.0;80.0;7.0;98;19.0;0;0;0;0;70.0;Low
25;140.0;100.0;8.0;98;31.0;1;0;1;1;88.0;High
40;140.0;100.0;14.0;98;27.2;1;1;0;1;90.0;High
32;140.0;100.0;7.9;98;32.3;1;0;1;1;84.0;High
24;90.0;65.0;7.0;101;33.0;1;0;1;1;60.0;High
37;120.0;90.0;11.0;98;26.0;1;1;0;1;88.0;High
17;110.0;75.0;7.0;101;16.8;0;0;1;1;76.0;High
40;120.0;90.0;12.0;98;26.8;0;1;0;1;86.0;High
40;160.0;100.0;14.0;98;26.6;0;1;0;1;87.0;High
32;140.0;90.0;9.0;98;28.9;0;1;0;1;88.0;High
22;90.0;60.0;7.9;102;27.0;0;0;0;1;66.0;High
35;140.0;100.0;9.0;98;26.0;0;1;0;1;62.0;High
54;140.0;100.0;15.0;98;25.7;1;1;0;1;66.0;High
40;120.0;95.0;11.0;98;25.9;0;1;0;1;80.0;High
45;120.0;85.0;15.0;98;28.0;0;1;0;1;60.0;High
55;140.0;95.0;19.0;98;29.8;0;1;0;1;77.0;High
50;130.0;100.0;16.0;98;26.3;0;1;0;1;75.0;High
17;90.0;65.0;6.1;103;26.4;0;0;0;1;77.0;High
28;85.0;60.0;8.0;101;34.0;1;0;1;1;86.0;High
50;120.0;80.0;15.0;98;29.0;1;1;0;1;70.0;High
17;85.0;60.0;9.0;102;17.2;0;0;1;1;86.0;High
33;120.0;75.0;10.0;98;28.1;1;1;0;1;80.0;High
48;120.0;80.0;11.0;98;28.7;0;1;0;1;88.0;High
50;140.0;95.0;17.0;98;29.5;1;1;0;0;60.0;High
30;140.0;100.0;10.0;98;26.0;0;1;0;0;70.0;High
29;120.0;75.0;7.2;100;33.0;0;0;1;0;70.0;High
48;120.0;80.0;11.0;98;28.7;0;1;0;0;88.0;High
50;140.0;90.0;15.0;98;29.6;1;1;0;0;77.0;High
25;140.0;100.0;7.2;98;30.1;1;0;1;0;80.0;High
55;140.0;80.0;17.0;101;29.7;0;1;0;0;76.0;High
40;140.0;100.0;13.0;98;27.0;1;1;0;0;77.0;High
28;120.0;80.0;8.0;102;33.4;1;0;1;1;76.0;High
32;140.0;100.0;9.0;98;31.9;0;0;1;1;70.0;High
17;90.0;60.0;8.0;101;17.5;0;0;1;1;78.0;High
17;90.0;63.0;8.0;101;18.0;0;1;0;1;70.0;High
25;120.0;90.0;12.0;101;26.0;1;1;0;1;80.0;High
17;120.0;80.0;7.0;102;18.1;0;0;1;1;76.0;High
19;90.0;65.0;9.0;101;30.4;0;0;1;1;70.0;High
37;120.0;90.0;11.0;98;25.9;1;1;0;1;88.0;High
17;110.0;75.0;7.0;101;18.0;0;0;0;1;76.0;High
25;120.0;90.0;11.0;98;26.8;0;1;0;1;80.0;High
40;160.0;100.0;16.0;98;27.0;1;1;0;1;77.0;High
32;140.0;90.0;10.0;98;28.0;0;1;0;1;88.0;High
22;90.0;60.0;8.0;102;30.3;0;0;1;1;62.0;High
35;140.0;100.0;9.0;98;28.4;1;1;0;1;88.0;High
54;140.0;100.0;15.0;98;29.8;0;1;0;1;66.0;High
40;120.0;95.0;11.0;98;29.7;1;1;0;1;80.0;High
21;90.0;60.0;9.0;102;26.7;0;1;0;1;60.0;High
60;120.0;85.0;15.0;98;29.0;1;1;0;0;60.0;High
55;140.0;95.0;19.0;98;28.5;0;1;0;0;77.0;High
50;130.0;100.0;16.0;98;29.1;0;1;0;0;76.0;High
23;90.0;65.0;9.0;101;27.6;0;1;0;0;80.0;High
17;90.0;65.0;7.7;103;30.0;0;0;1;0;67.0;High
17;85.0;60.0;6.3;102;23.0;0;0;1;0;86.0;High
40;120.0;75.0;7.7;98;32.0;1;0;1;0;70.0;High
48;120.0;80.0;11.0;98;28.0;1;1;0;1;88.0;High
22;120.0;60.0;9.0;98;32.0;0;0;1;1;80.0;High
55;120.0;90.0;18.0;98;29.7;0;1;0;1;60.0;High
35;85.0;60.0;11.0;98;25.7;0;1;0;1;86.0;High
43;120.0;90.0;15.0;98;27.3;1;1;0;1;80.0;High
32;120.0;65.0;8.0;101;23.0;0;0;1;1;86.0;High
23;120.0;80.0;4.4;98;23.0;0;0;0;1;72.0;Low
32;90.0;60.0;11.0;100;26.8;1;1;0;1;80.0;High
20;100.0;65.0;3.7;98;22.0;0;0;0;0;74.0;Low
20;90.0;60.0;7.5;98;23.0;0;0;0;0;74.0;Low
22;120.0;80.0;4.1;98;21.0;0;0;0;0;72.0;Low
26;110.0;80.0;5.8;98;20.0;0;0;0;0;74.0;Low
22;90.0;60.0;4.4;98;21.0;0;0;0;0;70.0;Low
21;110.0;70.0;9.0;100;26.0;0;1;0;1;80.0;High
25;100.0;60.0;5.0;98;19.0;0;0;0;0;72.0;Low
20;120.0;70.0;8.01;101;23.0;0;0;1;1;84.0;High
20;90.0;60.0;4.0;98;21.0;0;0;0;0;72.0;Low
32;100.0;60.0;7.1;98;22.0;0;0;0;0;72.0;Low
23;90.0;60.0;5.6;98;23.0;0;0;0;0;71.0;Low
18;100.0;70.0;3.5;98;24.0;0;0;0;0;72.0;Low
21;110.0;80.0;5.1;98;20.0;0;0;0;0;74.0;Low
25;110.0;60.0;6.5;98;21.0;0;0;0;0;72.0;Low
21;110.0;70.0;4.9;98;22.9;0;0;0;0;74.0;Low
43;140.0;100.0;14.0;98;27.3;1;0;0;1;88.0;High
19;110.0;70.0;4.0;98;18.5;0;0;0;0;72.0;Low
27;100.0;70.0;7.0;100;18.6;0;0;0;0;70.0;Low
18;120.0;80.0;3.3;98;18.7;0;0;0;0;70.0;Low
20;100.0;60.0;4.1;98;18.8;0;0;0;0;68.0;Low
23;120.0;80.0;5.0;98;18.9;0;0;0;0;70.0;Low
18;90.0;60.0;3.0;98;19.0;0;0;0;0;70.0;Low
29;120.0;70.0;7.0;98;19.1;0;0;0;0;70.0;Low
23;100.0;60.0;4.5;98;19.2;0;0;0;0;70.0;Low
31;110.0;70.0;7.0;100;19.3;0;0;0;0;72.0;Low
25;140.0;90.0;9.0;101;26.1;1;1;0;1;80.0;High
29;100.0;70.0;7.1;100;19.4;0;0;0;0;76.0;Low
28;90.0;60.0;5.9;98;19.5;0;0;0;0;73.0;Low
22;110.0;70.0;5.0;98;19.6;0;0;0;0;72.0;Low
25;90.0;60.0;6.9;98;19.7;0;0;0;0;72.0;Low
17;110.0;80.0;3.6;98;19.8;0;0;0;0;72.0;Low
28;90.0;60.0;7.0;98;19.9;0;0;0;0;74.0;Low
24;110.0;70.0;5.1;100;0.0;0;1;0;0;78.0;Low
19;130.0;80.0;4.0;98;20.1;0;0;0;0;70.0;Low
31;150.0;100.0;10.0;98;26.2;1;1;0;1;88.0;High
40;150.0;90.0;12.0;100;27.2;1;1;0;1;88.0;High
21;90.0;60.0;5.0;98;21.8;0;0;0;0;72.0;Low
18;130.0;80.0;3.9;98;23.0;0;0;0;0;70.0;Low
17;100.0;70.0;3.5;98;22.4;0;0;0;0;70.0;Low
35;110.0;70.0;7.5;98;22.5;0;0;0;0;68.0;Low
32;120.0;80.0;7.0;98;22.7;0;0;0;0;72.0;Low
26;130.0;100.0;6.9;98;22.8;0;0;0;0;72.0;Low
19;150.0;100.0;5.2;98;22.9;0;0;0;0;73.0;Low
22;140.0;90.0;6.0;98;23.0;0;0;0;0;70.0;Low
18;120.0;80.0;5.0;98;21.9;0;0;0;0;72.0;Low
21;110.0;70.0;5.9;98;21.8;0;0;0;0;74.0;Low
37;100.0;60.0;14.0;98;28.2;1;1;0;1;82.0;High
29;110.0;70.0;6.7;98;21.7;0;0;0;0;70.0;Low
36;160.0;100.0;13.0;98;29.7;0;1;0;1;60.0;High
39;130.0;90.0;15.0;98;28.9;1;1;0;1;90.0;High
33;130.0;110.0;12.0;100;27.8;0;1;0;1;88.0;High
35;140.0;90.0;11.0;100;26.7;0;1;0;1;88.0;High
39;140.0;100.0;17.0;98;25.6;1;1;0;1;80.0;High
49;140.0;96.0;19.0;98;29.5;1;1;0;1;86.0;High
28;120.0;70.0;9.0;101;23.0;1;1;0;1;80.0;High
25;90.0;60.0;5.9;98;20.0;0;0;0;0;72.0;Low
21;90.0;60.0;4.1;98;21.0;0;0;0;0;70.0;Low
19;100.0;70.0;4.0;98;22.0;0;0;0;0;72.0;Low
27;100.0;70.0;6.0;98;24.0;0;0;0;0;72.0;Low
28;120.0;80.0;7.0;98;19.0;0;0;0;0;74.0;Low
23;130.0;90.0;9.0;100;25.6;1;1;0;0;87.0;High
34;170.0;90.0;8.8;98;37.0;1;0;1;1;88.0;High
33;140.0;100.0;9.0;98;27.1;1;1;0;1;86.0;High
28;160.0;90.0;7.9;98;35.1;1;0;1;1;62.0;High
26;110.0;70.0;7.0;98;20.0;0;0;0;0;70.0;Low
33;90.0;60.0;7.0;98;21.0;0;0;0;0;72.0;Low
27;120.0;80.0;7.1;98;22.0;0;0;0;0;72.0;Low
31;110.0;70.0;6.9;98;23.0;0;0;0;0;72.0;Low
29;120.0;80.0;7.0;98;24.0;0;0;0;0;72.0;Low
30;100.0;60.0;7.0;98;18.7;0;0;0;0;77.0;Low
25;90.0;65.0;8.0;100;26.0;1;1;0;1;62.0;High
34;130.0;90.0;11.0;98;27.0;1;1;0;1;82.0;High
36;130.0;100.0;14.0;101;26.3;1;1;0;1;90.0;High
19;100.0;70.0;6.7;101;27.1;1;0;0;1;88.0;High
24;120.0;80.0;6.6;98;19.9;0;0;0;0;74.0;Low
20;110.0;70.0;4.1;98;23.0;0;0;0;0;72.0;Low
23;130.0;100.0;6.2;98;17.9;1;1;1;1;84.0;High
33;130.0;80.0;7.9;98;33.0;1;1;0;0;88.0;High
23;140.0;85.0;6.8;98;24.6;1;1;0;1;82.0;High
40;90.0;65.0;11.0;98;36.0;1;1;0;0;83.0;High
34;120.0;100.0;8.0;98;25.0;1;1;0;1;86.0;High
27;90.0;60.0;7.2;102;26.0;1;1;0;0;90.0;High
33;120.0;90.0;7.0;98;29.9;1;1;0;1;87.0;High
34;130.0;100.0;8.0;98;30.0;1;1;0;1;80.0;High
24;95.0;65.0;6.6;99;17.8;1;1;0;1;78.0;High
29;120.0;90.0;6.9;98;25.0;1;1;0;1;76.0;High
25;80.0;50.0;7.0;98;26.0;1;1;0;1;72.0;High
16;125.0;85.0;5.0;98;15.0;0;0;1;1;68.0;High
25;135.0;95.0;6.8;98;17.0;1;0;1;1;60.0;High
19;75.0;45.0;5.5;98;17.0;1;0;1;1;66.0;High
21;95.0;60.0;6.0;100;17.7;1;0;1;1;88.0;High
27;90.0;65.0;7.0;101;26.6;1;0;1;1;88.0;High
24;100.0;80.0;6.0;101;24.0;1;0;1;1;88.0;High
27;105.0;80.0;7.0;102;27.0;1;0;1;0;90.0;High
19;85.0;65.0;5.0;101;17.9;1;0;1;0;92.0;High
37;80.0;55.0;10.0;98;33.0;1;0;1;0;81.0;High
17;100.0;60.0;4.7;98;15.6;0;0;1;1;78.0;High
42;115.0;95.0;14.0;98;36.0;0;0;0;1;77.0;High
19;100.0;70.0;4.0;98;17.0;1;0;0;1;76.0;High
29;105.0;75.0;8.0;98;24.5;1;0;0;1;74.0;High
32;120.0;95.0;9.0;98;27.7;1;0;0;1;88.0;High
25;85.0;65.0;7.7;102;17.8;1;0;0;1;80.0;High
22;125.0;95.0;6.9;98;16.0;1;0;1;1;82.0;High
32;120.0;60.0;8.1;98;25.9;1;0;1;1;84.0;High
33;90.0;55.0;7.5;98;31.0;1;0;1;1;86.0;High
22;120.0;75.0;6.0;98;23.0;1;0;1;1;90.0;High
26;80.0;45.0;7.5;98;24.1;1;0;1;1;82.0;High
26;70.0;40.0;7.8;100;24.5;1;0;1;1;82.0;High
33;100.0;70.0;7.5;98;24.5;1;0;1;1;78.0;High
18;120.0;90.0;4.9;98;24.5;1;0;1;1;68.0;High
21;100.0;65.0;5.8;98;24.5;1;0;0;1;62.0;High
39;120.0;90.0;7.5;98;32.0;1;0;0;1;72.0;High
28;90.0;60.0;7.5;98;30.0;1;0;0;1;80.0;High
22;90.0;60.0;7.5;102;17.6;1;1;0;1;88.0;High
20;100.0;90.0;7.5;98;15.5;1;1;0;1;86.0;High
22;100.0;85.0;7.5;98;16.0;1;1;0;1;80.0;High
24;120.0;90.0;7.5;98;17.0;1;1;0;1;90.0;High
22;120.0;80.0;7.5;98;17.0;1;1;0;1;90.0;High
21;75.0;50.0;7.5;98;17.0;1;1;0;1;60.0;High
21;90.0;60.0;7.5;102;17.0;1;1;0;1;68.0;High
44;120.0;80.0;15.0;98;35.0;1;1;0;1;70.0;High
45;100.0;65.0;14.0;98;35.0;1;1;0;1;72.0;High
37;120.0;95.0;9.0;98;35.0;0;1;0;1;88.0;High
25;100.0;70.0;7.0;98;24.4;0;1;1;1;90.0;High
26;120.0;85.0;7.0;98;24.4;0;1;1;1;86.0;High
23;90.0;65.0;6.8;101;24.4;0;1;1;0;84.0;High
32;120.0;90.0;8.4;98;24.4;0;1;1;0;82.0;High
27;90.0;65.0;7.2;103;24.4;0;1;0;0;80.0;High
29;120.0;80.0;7.5;98;24.4;0;1;0;0;88.0;High
28;120.0;80.0;7.0;98;24.4;0;1;0;0;87.0;High
19;85.0;60.0;6.0;102;16.6;0;1;0;0;77.0;High
19;120.0;90.0;6.0;98;17.0;0;1;0;0;77.0;High
32;120.0;80.0;9.0;98;26.0;0;1;0;1;76.0;High
35;140.0;100.0;9.3;98;31.0;0;1;0;1;78.0;High
30;140.0;100.0;8.0;98;30.0;0;1;0;1;80.0;High
22;140.0;100.0;6.9;98;17.0;0;1;0;1;90.0;High
24;90.0;65.0;7.0;101;24.0;0;1;0;1;66.0;High
20;120.0;90.0;4.8;98;23.0;0;1;0;1;77.0;High
17;110.0;75.0;4.0;101;15.9;0;1;0;1;90.0;High
30;120.0;90.0;8.9;98;25.3;0;1;0;1;92.0;High
27;160.0;100.0;9.0;98;17.0;0;1;0;1;80.0;High
31;140.0;90.0;9.0;98;25.0;1;1;1;0;80.0;High
21;90.0;60.0;6.9;102;24.4;0;1;1;0;77.0;High
25;140.0;100.0;7.0;98;24.4;1;1;1;0;82.0;High
45;140.0;100.0;15.0;98;34.0;0;1;1;0;84.0;High
41;120.0;95.0;11.0;98;34.5;0;1;1;0;90.0;High
29;120.0;85.0;9.0;98;26.0;1;1;1;0;88.0;High
25;140.0;95.0;7.0;98;24.9;0;1;1;0;86.0;High
20;130.0;100.0;6.0;98;17.9;0;0;1;0;82.0;High
37;90.0;65.0;12.0;103;32.0;0;0;1;0;78.0;High
29;140.0;90.0;8.0;101;27.0;0;0;0;0;72.0;High
30;120.0;80.0;9.0;98;30.0;0;0;0;0;60.0;High
17;85.0;60.0;6.0;102;17.0;1;0;0;0;62.0;High
33;120.0;75.0;10.0;98;27.6;0;0;1;0;58.0;High
49;120.0;80.0;17.0;98;37.0;0;0;1;0;66.0;High
29;140.0;95.0;7.0;98;28.0;0;0;1;0;72.0;High
30;140.0;100.0;10.0;98;25.1;1;0;1;0;70.0;High
27;120.0;75.0;7.2;100;25.7;1;0;0;1;80.0;High
25;120.0;80.0;11.0;98;24.9;1;0;1;1;90.0;High
21;140.0;90.0;7.0;98;24.1;0;0;0;1;72.0;High
25;140.0;100.0;7.2;98;24.7;0;0;1;1;80.0;High
35;140.0;80.0;10.0;101;31.0;1;0;0;1;90.0;High
40;140.0;100.0;18.0;98;33.0;1;0;0;1;88.0;High
28;120.0;80.0;9.0;102;27.9;1;0;0;1;87.0;High
22;140.0;100.0;8.0;98;24.4;1;0;0;1;77.0;High
27;90.0;60.0;11.0;101;24.8;1;0;0;1;78.0;High
29;90.0;65.0;8.0;101;27.5;1;1;0;1;76.0;High
18;120.0;90.0;7.2;101;17.2;1;1;0;1;82.0;High
21;120.0;80.0;7.0;102;17.8;0;1;1;1;90.0;High
39;90.0;65.0;11.0;101;29.0;0;1;0;1;92.0;High
27;120.0;90.0;9.0;98;28.0;1;0;0;1;78.0;High
25;110.0;75.0;8.3;101;24.4;1;0;0;1;77.0;High
27;120.0;90.0;7.5;98;25.2;1;0;0;1;76.0;High
30;160.0;100.0;11.0;98;27.2;1;1;1;1;74.0;High
32;140.0;90.0;13.0;98;26.0;1;0;1;1;80.0;High
21;90.0;60.0;8.0;98;16.9;1;1;1;1;88.0;High
35;140.0;100.0;9.0;98;31.1;1;0;0;1;86.0;High
34;140.0;100.0;10.0;98;28.3;1;1;1;1;84.0;High
18;120.0;80.0;9.0;98;17.0;0;1;0;1;84.0;High
20;110.0;80.0;11.0;98;17.7;0;1;0;1;84.0;High
22;140.0;90.0;10.0;98;17.5;0;1;0;1;84.0;High
25;100.0;60.0;8.0;98;23.0;0;1;0;1;84.0;High
24;120.0;70.0;11.0;98;24.0;0;1;0;1;84.0;High
28;140.0;85.0;13.0;98;23.0;0;1;0;1;84.0;High
29;130.0;70.0;10.0;98;24.0;0;1;0;1;84.0;High
31;120.0;60.0;12.0;98;24.1;0;1;0;1;84.0;High
21;130.0;80.0;7.6;98;24.1;0;1;0;1;84.0;High
22;90.0;60.0;7.6;98;24.1;0;1;0;1;84.0;High
21;90.0;65.0;7.6;98;24.1;0;1;0;1;84.0;High
20;100.0;60.0;7.0;99;24.1;0;1;0;1;84.0;High
17;110.0;70.0;6.5;98;24.1;0;1;0;1;84.0;High
19;110.0;75.0;5.9;98;24.1;0;1;0;1;84.0;High
29;110.0;80.0;11.0;98;24.1;0;1;0;1;84.0;High
27;150.0;90.0;10.0;98;24.5;0;1;0;1;84.0;High
28;150.0;100.0;9.0;98;24.5;0;1;0;1;78.0;High
24;140.0;100.0;8.0;98;24.5;0;1;0;1;78.0;High
21;110.0;75.0;7.0;98;24.5;0;1;0;1;78.0;High
20;120.0;80.0;5.0;98;24.5;0;1;0;1;78.0;High
26;130.0;80.0;9.0;98;24.5;0;1;1;1;78.0;High
28;120.0;80.0;9.7;100;24.5;0;1;1;1;78.0;High
33;115.0;75.0;11.1;98;24.5;0;1;1;1;78.0;High
31;125.0;65.0;11.5;98;17.1;0;1;1;1;78.0;High
32;105.0;55.0;12.0;98;17.1;0;1;0;0;90.0;High
29;100.0;60.0;10.0;98;18.1;0;1;0;0;90.0;High
27;90.0;70.0;8.9;98;17.8;0;1;0;0;90.0;High
22;100.0;60.0;6.9;98;17.8;0;1;0;0;90.0;High
24;100.0;70.0;5.9;98;17.8;0;1;0;0;90.0;High
20;120.0;90.0;5.0;98;17.8;0;1;0;0;90.0;High
21;120.0;90.0;5.6;98;17.8;0;1;0;0;90.0;High
28;120.0;100.0;8.8;98;17.8;0;1;0;0;90.0;High
30;120.0;80.0;9.0;98;17.8;0;1;0;0;90.0;High
39;120.0;75.0;14.0;98;17.8;0;1;0;0;82.0;High
41;120.0;85.0;17.0;98;17.8;0;1;0;0;86.0;High
37;120.0;80.0;12.0;98;24.0;0;1;0;0;88.0;High
21;120.0;70.0;6.2;98;24.0;0;1;0;0;80.0;High
22;120.0;90.0;6.0;98;24.0;0;1;0;0;84.0;High
26;120.0;80.0;7.0;98;24.0;0;1;0;0;85.0;High
27;120.0;80.0;7.6;98;24.0;0;1;0;0;77.0;High
27;120.0;60.0;6.0;98;25.0;0;1;0;0;77.0;High
27;115.0;65.0;5.9;98;29.0;0;1;0;0;77.0;High
27;115.0;75.0;7.0;98;28.0;0;1;0;1;77.0;High
27;115.0;60.0;7.7;98;28.0;0;1;0;1;77.0;High
27;130.0;60.0;6.0;98;28.0;0;1;0;1;77.0;High
27;140.0;60.0;6.5;98;24.7;1;1;0;1;77.0;High
27;135.0;60.0;6.8;98;24.7;1;1;0;1;60.0;High
21;120.0;60.0;6.3;98;24.7;1;1;0;1;58.0;High
22;110.0;60.0;5.9;98;24.7;1;1;0;1;81.0;High
21;90.0;60.0;5.1;98;24.7;1;1;0;1;62.0;High
20;95.0;60.0;6.5;98;24.7;0;1;0;1;64.0;High
16;95.0;60.0;5.0;101;24.7;0;1;0;1;60.0;High
17;100.0;60.0;5.6;98;24.7;0;1;0;1;60.0;High
19;100.0;60.0;7.8;98;24.7;0;1;0;1;60.0;High
22;100.0;60.0;6.6;98;24.7;0;1;1;1;60.0;High
31;100.0;60.0;11.0;98;24.7;0;1;1;1;60.0;High
25;100.0;60.0;8.0;98;25.0;0;1;0;1;60.0;High
34;100.0;60.0;13.0;98;25.0;0;1;0;1;60.0;High
26;100.0;60.0;8.7;98;25.0;1;1;0;1;90.0;High
27;100.0;60.0;7.0;98;25.0;1;1;0;1;90.0;High
43;100.0;60.0;18.0;98;25.0;1;1;1;1;90.0;High
36;100.0;60.0;6.9;98;25.0;1;1;0;1;90.0;High
39;100.0;60.0;16.0;98;25.0;1;1;0;1;90.0;High
19;100.0;60.0;5.0;98;25.0;1;1;1;1;90.0;High
18;100.0;60.0;5.5;98;25.0;1;1;0;1;90.0;High
20;100.0;60.0;6.0;98;25.0;1;1;0;1;90.0;High
22;100.0;60.0;4.0;98;25.0;1;1;0;1;90.0;High
23;100.0;60.0;7.0;98;25.0;0;1;0;1;90.0;High
24;100.0;80.0;6.1;98;23.0;0;1;0;1;88.0;High
21;100.0;60.0;6.7;98;23.0;0;1;0;1;86.0;High
28;100.0;70.0;8.9;98;23.0;0;1;0;1;88.0;High
29;100.0;55.0;11.0;98;23.0;0;1;0;1;84.0;High
34;100.0;65.0;13.0;98;23.0;0;1;0;1;82.0;High
33;100.0;60.0;11.0;98;23.0;0;1;0;1;85.0;High
22;100.0;70.0;8.0;98;23.0;0;1;0;1;84.0;High
23;100.0;75.0;4.9;98;23.0;0;1;0;1;90.0;High
21;100.0;70.0;5.8;98;23.0;0;1;0;1;92.0;High
20;100.0;80.0;5.0;98;23.0;0;1;0;1;78.0;High
17;120.0;75.0;4.0;98;23.0;0;1;0;1;77.0;High
18;110.0;70.0;4.0;98;24.2;0;1;0;0;76.0;High
19;140.0;100.0;4.0;98;24.2;0;1;0;0;74.0;High
22;150.0;110.0;4.7;98;24.2;0;1;0;0;70.0;High
23;130.0;95.0;6.0;98;24.2;0;1;0;0;68.0;High
29;125.0;85.0;7.3;98;24.2;0;1;0;0;70.0;High
21;115.0;75.0;5.0;98;24.2;0;1;0;0;90.0;High
28;95.0;75.0;8.9;98;24.2;0;1;0;0;88.0;High
22;110.0;70.0;6.0;98;24.2;0;1;0;0;84.0;High
27;120.0;60.0;9.0;98;24.2;0;1;0;0;82.0;High
23;130.0;90.0;4.0;98;23.9;0;1;0;0;86.0;High
26;110.0;80.0;6.0;98;23.9;0;1;0;0;88.0;High
24;120.0;90.0;4.8;98;23.9;0;1;0;0;80.0;High
25;90.0;60.0;5.2;98;23.9;0;1;0;0;78.0;High
21;100.0;60.0;5.7;98;23.9;0;1;0;0;77.0;High
20;115.0;75.0;4.7;98;23.9;0;1;0;0;76.0;High
17;95.0;65.0;3.8;98;23.9;0;1;0;0;74.0;High
19;115.0;95.0;4.0;98;23.9;0;1;0;0;77.0;High
20;120.0;100.0;6.0;98;23.9;0;1;1;0;80.0;High
30;120.0;90.0;7.0;98;23.9;0;0;1;0;88.0;High
41;140.0;95.0;16.0;98;22.0;0;0;1;1;90.0;High
25;110.0;90.0;6.0;98;19.0;0;0;1;1;92.0;High
21;150.0;110.0;4.9;98;21.5;0;0;1;1;66.0;High
23;130.0;100.0;5.1;98;27.0;0;0;1;1;60.0;High
26;120.0;90.0;6.7;98;23.9;0;0;1;0;58.0;High
